titre,prix,plateforme,image,lien,page,source,note,nombre_avis,date,disponibilite
Sony PlayStation 5,N/A,Sony PlayStation 5,ui/theme/img/placeholder/missing.png,https://www.retroplace.com/fr/jeux/202709--sony-playstation-5,1,Retroplace,N/A,N/A,N/A,N/A
Gran Turismo 7,N/A,Sony PlayStation 5,pics/ps5/packshots/195128--gran-turismo-7.png,https://www.retroplace.com/fr/jeux/195128--gran-turismo-7,1,Retroplace,N/A,N/A,N/A,N/A
FIFA 22,N/A,Sony PlayStation 5,pics/ps5/packshots/205334--fifa-22.png,https://www.retroplace.com/fr/jeux/205334--fifa-22,1,Retroplace,N/A,N/A,N/A,N/A
DualSense Wireless Controller,N/A,Sony PlayStation 5,pics/ps5/packshots/186057--dualsense-wireless-controller.png,https://www.retroplace.com/fr/jeux/186057--dualsense-wireless-controller,1,Retroplace,N/A,N/A,N/A,N/A
Dead Island 2,N/A,Sony PlayStation 5,pics/ps5/packshots/201262--dead-island-2.png,https://www.retroplace.com/fr/jeux/201262--dead-island-2,1,Retroplace,N/A,N/A,N/A,N/A
Avatar: Frontiers Of Pandora,N/A,Sony PlayStation 5,pics/ps5/packshots/215759--avatar-frontiers-of-pandora.png,https://www.retroplace.com/fr/jeux/215759--avatar-frontiers-of-pandora,1,Retroplace,N/A,N/A,N/A,N/A
Marvel Spider-Man: Miles Morales,N/A,Sony PlayStation 5,pics/ps5/packshots/185000--marvel-spider-man-miles-morales.png,https://www.retroplace.com/fr/jeux/185000--marvel-spider-man-miles-morales,1,Retroplace,N/A,N/A,N/A,N/A
Far Cry 6,N/A,Sony PlayStation 5,pics/ps5/packshots/179943--far-cry-6.png,https://www.retroplace.com/fr/jeux/179943--far-cry-6,1,Retroplace,N/A,N/A,N/A,N/A
Beyond a Steel Sky,N/A,Sony PlayStation 5,pics/ps5/packshots/192273--beyond-a-steel-sky.png,https://www.retroplace.com/fr/jeux/192273--beyond-a-steel-sky,1,Retroplace,N/A,N/A,N/A,N/A
Kao the Kangaroo,N/A,Sony PlayStation 5,pics/ps5/packshots/197366--kao-the-kangaroo.png,https://www.retroplace.com/fr/jeux/197366--kao-the-kangaroo,1,Retroplace,N/A,N/A,N/A,N/A
Armored Core VI Fires of Rubicon,N/A,Sony PlayStation 5,pics/ps5/packshots/213362--armored-core-vi-fires-of-rubicon.png,https://www.retroplace.com/fr/jeux/213362--armored-core-vi-fires-of-rubicon,1,Retroplace,N/A,N/A,N/A,N/A
Deathloop,N/A,Sony PlayStation 5,pics/ps5/packshots/193265--deathloop.png,https://www.retroplace.com/fr/jeux/193265--deathloop,1,Retroplace,N/A,N/A,N/A,N/A
Resident Evil 4,N/A,Sony PlayStation 5,pics/ps5/packshots/204567--resident-evil-4.png,https://www.retroplace.com/fr/jeux/204567--resident-evil-4,1,Retroplace,N/A,N/A,N/A,N/A
PlayStation VR2,N/A,Sony PlayStation 5,pics/ps5/packshots/206389--playstation-vr2.png,https://www.retroplace.com/fr/jeux/206389--playstation-vr2,1,Retroplace,N/A,N/A,N/A,N/A
Elex II,N/A,Sony PlayStation 5,pics/ps5/packshots/196237--elex-ii.png,https://www.retroplace.com/fr/jeux/196237--elex-ii,1,Retroplace,N/A,N/A,N/A,N/A
Back 4 Blood,N/A,Sony PlayStation 5,pics/ps5/packshots/191565--back-4-blood.png,https://www.retroplace.com/fr/jeux/191565--back-4-blood,1,Retroplace,N/A,N/A,N/A,N/A
Hunting Simulator 2,N/A,Sony PlayStation 5,pics/ps5/packshots/193779--hunting-simulator-2.png,https://www.retroplace.com/fr/jeux/193779--hunting-simulator-2,1,Retroplace,N/A,N/A,N/A,N/A
Battlefield 2042,N/A,Sony PlayStation 5,pics/ps5/packshots/193233--battlefield-2042.png,https://www.retroplace.com/fr/jeux/193233--battlefield-2042,1,Retroplace,N/A,N/A,N/A,N/A
Gotham Knights,N/A,Sony PlayStation 5,pics/ps5/packshots/200682--gotham-knights.png,https://www.retroplace.com/fr/jeux/200682--gotham-knights,1,Retroplace,N/A,N/A,N/A,N/A
LEGO Star Wars: Die Skywalker Saga,N/A,Sony PlayStation 5,pics/ps5/packshots/184984--lego-star-wars-die-skywalker-saga.png,https://www.retroplace.com/fr/jeux/184984--lego-star-wars-die-skywalker-saga,1,Retroplace,N/A,N/A,N/A,N/A
Saints Row,N/A,Sony PlayStation 5,pics/ps5/packshots/200559--saints-row.png,https://www.retroplace.com/fr/jeux/200559--saints-row,1,Retroplace,N/A,N/A,N/A,N/A
Grand Theft Auto V,N/A,Sony PlayStation 5,pics/ps5/packshots/196543--grand-theft-auto-v.png,https://www.retroplace.com/fr/jeux/196543--grand-theft-auto-v,1,Retroplace,N/A,N/A,N/A,N/A
Need for Speed Unbound,N/A,Sony PlayStation 5,pics/ps5/packshots/202667--need-for-speed-unbound.png,https://www.retroplace.com/fr/jeux/202667--need-for-speed-unbound,1,Retroplace,N/A,N/A,N/A,N/A
Destroy All Humans! 2 Reprobed,N/A,Sony PlayStation 5,pics/ps5/packshots/200603--destroy-all-humans-2-reprobed.png,https://www.retroplace.com/fr/jeux/200603--destroy-all-humans-2-reprobed,1,Retroplace,N/A,N/A,N/A,N/A
Dying Light 2: Stay Human,N/A,Sony PlayStation 5,pics/ps5/packshots/216146--dying-light-2-stay-human.png,https://www.retroplace.com/fr/jeux/216146--dying-light-2-stay-human,1,Retroplace,N/A,N/A,N/A,N/A
Assassin's Creed: Valhalla,N/A,Sony PlayStation 5,pics/ps5/packshots/179940--assassins-creed-valhalla.png,https://www.retroplace.com/fr/jeux/179940--assassins-creed-valhalla,1,Retroplace,N/A,N/A,N/A,N/A
Assassin's Creed Mirage,N/A,Sony PlayStation 5,pics/ps5/packshots/204297--assassins-creed-mirage.png,https://www.retroplace.com/fr/jeux/204297--assassins-creed-mirage,1,Retroplace,N/A,N/A,N/A,N/A
Call of Duty: Modern Warfare III,N/A,Sony PlayStation 5,pics/ps5/packshots/214256--call-of-duty-modern-warfare-iii.png,https://www.retroplace.com/fr/jeux/214256--call-of-duty-modern-warfare-iii,1,Retroplace,N/A,N/A,N/A,N/A
Naruto x Boruto Ultimate Ninja Storm Connections,N/A,Sony PlayStation 5,pics/ps5/packshots/208040--naruto-x-boruto-ultimate-ninja-storm-connections.png,https://www.retroplace.com/fr/jeux/208040--naruto-x-boruto-ultimate-ninja-storm-connections,1,Retroplace,N/A,N/A,N/A,N/A
EA Sports FC 24,N/A,Sony PlayStation 5,pics/ps5/packshots/210933--ea-sports-fc-24.png,https://www.retroplace.com/fr/jeux/210933--ea-sports-fc-24,1,Retroplace,N/A,N/A,N/A,N/A
Asterix & Obelix Slap them All! 2,N/A,Sony PlayStation 5,pics/ps5/packshots/215991--asterix-amp-obelix-slap-them-all-2.png,https://www.retroplace.com/fr/jeux/215991--asterix-amp-obelix-slap-them-all-2,1,Retroplace,N/A,N/A,N/A,N/A
Granblue Fantasy Relink,N/A,Sony PlayStation 5,pics/ps5/packshots/215914--granblue-fantasy-relink.png,https://www.retroplace.com/fr/jeux/215914--granblue-fantasy-relink,1,Retroplace,N/A,N/A,N/A,N/A
Persona 5 Tactica,N/A,Sony PlayStation 5,pics/ps5/packshots/214510--persona-5-tactica.png,https://www.retroplace.com/fr/jeux/214510--persona-5-tactica,1,Retroplace,N/A,N/A,N/A,N/A
Diablo IV,N/A,Sony PlayStation 5,pics/ps5/packshots/204367--diablo-iv.png,https://www.retroplace.com/fr/jeux/204367--diablo-iv,1,Retroplace,N/A,N/A,N/A,N/A
Die Schlümpfe 2 - Der Gefangene des grünen Steins,N/A,Sony PlayStation 5,pics/ps5/packshots/215810--die-schluempfe-2-der-gefangene-des-gruenen-steins.png,https://www.retroplace.com/fr/jeux/215810--die-schluempfe-2-der-gefangene-des-gruenen-steins,1,Retroplace,N/A,N/A,N/A,N/A
UFC 5,N/A,Sony PlayStation 5,pics/ps5/packshots/215807--ufc-5.png,https://www.retroplace.com/fr/jeux/215807--ufc-5,1,Retroplace,N/A,N/A,N/A,N/A
War Hospital,N/A,Sony PlayStation 5,pics/ps5/packshots/215806--war-hospital.png,https://www.retroplace.com/fr/jeux/215806--war-hospital,1,Retroplace,N/A,N/A,N/A,N/A
Gangs of Sherwood,N/A,Sony PlayStation 5,pics/ps5/packshots/215802--gangs-of-sherwood.png,https://www.retroplace.com/fr/jeux/215802--gangs-of-sherwood,1,Retroplace,N/A,N/A,N/A,N/A
Overpass,N/A,Sony PlayStation 5,pics/ps5/packshots/215801--overpass.png,https://www.retroplace.com/fr/jeux/215801--overpass,1,Retroplace,N/A,N/A,N/A,N/A
Payday 3,N/A,Sony PlayStation 5,pics/ps5/packshots/215800--payday-3.png,https://www.retroplace.com/fr/jeux/215800--payday-3,1,Retroplace,N/A,N/A,N/A,N/A
Exoprimal,N/A,Sony PlayStation 5,pics/ps5/packshots/215798--exoprimal.png,https://www.retroplace.com/fr/jeux/215798--exoprimal,1,Retroplace,N/A,N/A,N/A,N/A
Street Fighter 6,N/A,Sony PlayStation 5,pics/ps5/packshots/215797--street-fighter-6.png,https://www.retroplace.com/fr/jeux/215797--street-fighter-6,1,Retroplace,N/A,N/A,N/A,N/A
F1 23,N/A,Sony PlayStation 5,pics/ps5/packshots/215796--f1-23.png,https://www.retroplace.com/fr/jeux/215796--f1-23,1,Retroplace,N/A,N/A,N/A,N/A
Console Cover,N/A,Sony PlayStation 5,ui/theme/img/placeholder/missing.png,https://www.retroplace.com/fr/jeux/215788--console-cover,1,Retroplace,N/A,N/A,N/A,N/A
Raiden IV x Mikado Remix,N/A,Sony PlayStation 5,pics/ps5/packshots/215785--raiden-iv-x-mikado-remix.png,https://www.retroplace.com/fr/jeux/215785--raiden-iv-x-mikado-remix,1,Retroplace,N/A,N/A,N/A,N/A
Pulse 3D,N/A,Sony PlayStation 5,pics/ps5/packshots/186200--pulse-3d.png,https://www.retroplace.com/fr/jeux/186200--pulse-3d,1,Retroplace,N/A,N/A,N/A,N/A
The Last of Us Part II,N/A,Sony PlayStation 5,pics/ps5/packshots/215034--the-last-of-us-part-ii.png,https://www.retroplace.com/fr/jeux/215034--the-last-of-us-part-ii,1,Retroplace,N/A,N/A,N/A,N/A
Breakers Collection,N/A,Sony PlayStation 5,pics/ps5/packshots/205805--breakers-collection.png,https://www.retroplace.com/fr/jeux/205805--breakers-collection,1,Retroplace,N/A,N/A,N/A,N/A
Wonder Boy: Anniversary Collection,N/A,Sony PlayStation 5,pics/ps5/packshots/207786--wonder-boy-anniversary-collection.png,https://www.retroplace.com/fr/jeux/207786--wonder-boy-anniversary-collection,1,Retroplace,N/A,N/A,N/A,N/A
Cotton 100%,N/A,Sony PlayStation 5,pics/ps5/packshots/212169--cotton-100.png,https://www.retroplace.com/fr/jeux/212169--cotton-100,1,Retroplace,N/A,N/A,N/A,N/A
Clockwork Aquario,N/A,Sony PlayStation 5,pics/ps5/packshots/204680--clockwork-aquario.png,https://www.retroplace.com/fr/jeux/204680--clockwork-aquario,1,Retroplace,N/A,N/A,N/A,N/A
The Caligula Effect: Overdose,N/A,Sony PlayStation 5,pics/ps5/packshots/208098--the-caligula-effect-overdose.png,https://www.retroplace.com/fr/jeux/208098--the-caligula-effect-overdose,1,Retroplace,N/A,N/A,N/A,N/A
Marvel's Avengers,7.50€,Marvel's Avengers Xbox one,https://www.voxgaming.fr//img/item/509/1/5021290085091.jpg,https://www.voxgaming.fr/catalog/xbox-one/marvel-s-avengers-12912.php,1,VoxGaming,N/A,N/A,N/A,N/A
Minecraft,13.00€,Minecraft Xbox one,https://www.voxgaming.fr//img/item/013/2/0885370830132.jpg,https://www.voxgaming.fr/catalog/xbox-one/minecraft-13618.php,1,VoxGaming,N/A,N/A,N/A,N/A
Transformers : Rise of the Dark Spark,10.00€,Transformers : Rise of the Dark Spark Xbox one,https://www.voxgaming.fr//img/item/300/7/5030917143007.jpg,https://www.voxgaming.fr/catalog/xbox-one/transformers-rise-of-the-dark-spark-13649.php,1,VoxGaming,N/A,N/A,N/A,N/A
Call of Duty : Black Ops 3Edition Hardened,10.00€,Call of Duty : Black Ops 3Edition Hardened Xbox one,https://www.voxgaming.fr//img/item/407/0/5030917174070.jpg,https://www.voxgaming.fr/catalog/xbox-one/call-of-duty-black-ops-3-edition-hardened-13479.php,1,VoxGaming,N/A,N/A,N/A,N/A
Watch Dogs,2.00€,Watch Dogs Xbox one,https://www.voxgaming.fr//img/item/308/0/3307215733080.jpg,https://www.voxgaming.fr/catalog/xbox-one/watch-dogs-24523.php,1,VoxGaming,N/A,N/A,N/A,N/A
Vampyr,5.00€,Vampyr Xbox one,https://www.voxgaming.fr//img/item/768/6/3512899117686.jpg,https://www.voxgaming.fr/catalog/xbox-one/vampyr-13330.php,1,VoxGaming,N/A,N/A,N/A,N/A
Tom Clancy's The Division 2,3.00€,Tom Clancy's The Division 2 Xbox one,https://www.voxgaming.fr//img/item/071/8/3307216080718.jpg,https://www.voxgaming.fr/catalog/xbox-one/tom-clancy-s-the-division-2-13033.php,1,VoxGaming,N/A,N/A,N/A,N/A
Halo 5 : Guardians,5.90€,Halo 5 : Guardians Xbox one,https://www.voxgaming.fr//img/item/959/1/0885370929591.jpg,https://www.voxgaming.fr/catalog/xbox-one/halo-5-guardians-13647.php,1,VoxGaming,N/A,N/A,N/A,N/A
Resident Evil : Revelations 2,16.00€,Resident Evil : Revelations 2 Xbox one,https://www.voxgaming.fr//img/item/059/5/5055060930595.jpg,https://www.voxgaming.fr/catalog/xbox-one/resident-evil-revelations-2-13593.php,1,VoxGaming,N/A,N/A,N/A,N/A
Just Cause 4 Edition Renegat,10.00€,Just Cause 4 Edition Renegat Xbox one,https://www.voxgaming.fr//img/item/330/1/5021290083301.jpg,https://www.voxgaming.fr/catalog/xbox-one/just-cause-4-edition-renegat-13017.php,1,VoxGaming,N/A,N/A,N/A,N/A
Bleeding Edge,3.50€,Bleeding Edge Xbox one,https://www.voxgaming.fr//img/item/145/6/0889842631456.jpg,https://www.voxgaming.fr/catalog/xbox-one/bleeding-edge-12815.php,1,VoxGaming,N/A,N/A,N/A,N/A
Tom Clancy's Rainbow Six Siege,3.00€,Tom Clancy's Rainbow Six Siege Xbox one,https://www.voxgaming.fr//img/item/931/2/3307215889312.jpg,https://www.voxgaming.fr/catalog/xbox-one/tom-clancy-s-rainbow-six-siege-13625.php,1,VoxGaming,N/A,N/A,N/A,N/A
Shadow Of The Tomb RaiderEdition Steelbook,N/A,Shadow Of The Tomb RaiderEdition Steelbook Xbox one,N/A,https://www.voxgaming.fr/catalog/xbox-one/shadow-of-the-tomb-raider-edition-steelbook--25880.php,1,VoxGaming,N/A,N/A,N/A,N/A
Wreckfest,N/A,Wreckfest Xbox one,N/A,https://www.voxgaming.fr/catalog/xbox-one/wreckfest-13093.php,1,VoxGaming,N/A,N/A,N/A,N/A
Cyberpunk 2077Edition Day One,N/A,Cyberpunk 2077Edition Day One Xbox one,N/A,https://www.voxgaming.fr/catalog/xbox-one/cyberpunk-2077-edition-day-one-12947.php,1,VoxGaming,N/A,N/A,N/A,N/A
Killer Instinct Combo Breaker Pack,N/A,Killer Instinct Combo Breaker Pack Xbox one,N/A,https://www.voxgaming.fr/catalog/xbox-one/killer-instinct-combo-breaker-pack-13601.php,1,VoxGaming,N/A,N/A,N/A,N/A
Ryse : Son of RomeEdition Day One,N/A,Ryse : Son of RomeEdition Day One Xbox one,N/A,https://www.voxgaming.fr/catalog/xbox-one/ryse-son-of-rome-edition-day-one-23972.php,1,VoxGaming,N/A,N/A,N/A,N/A
Gears of WarUltimate Edition,N/A,Gears of WarUltimate Edition Xbox one,N/A,https://www.voxgaming.fr/catalog/xbox-one/gears-of-war-ultimate-edition-13525.php,1,VoxGaming,N/A,N/A,N/A,N/A
Streets of Rage 4,N/A,Streets of Rage 4 Xbox one,N/A,https://www.voxgaming.fr/catalog/xbox-one/streets-of-rage-4-12797.php,1,VoxGaming,N/A,N/A,N/A,N/A
Resident Evil 2 Remake,N/A,Resident Evil 2 Remake Xbox one,N/A,https://www.voxgaming.fr/catalog/xbox-one/resident-evil-2-remake-13054.php,1,VoxGaming,N/A,N/A,N/A,N/A
Kingdom Come : Deliverance,N/A,Kingdom Come : Deliverance Xbox one,N/A,https://www.voxgaming.fr/catalog/xbox-one/kingdom-come-deliverance-13345.php,1,VoxGaming,N/A,N/A,N/A,N/A
Red Dead Redemption 2,N/A,Red Dead Redemption 2 Xbox one,N/A,https://www.voxgaming.fr/catalog/xbox-one/red-dead-redemption-2-13346.php,1,VoxGaming,N/A,N/A,N/A,N/A
Grand Theft Auto V GTA 5,N/A,Grand Theft Auto V GTA 5 Xbox one,N/A,https://www.voxgaming.fr/catalog/xbox-one/grand-theft-auto-v-gta-5--13619.php,1,VoxGaming,N/A,N/A,N/A,N/A
Halo : The Master Chief Collection,N/A,Halo : The Master Chief Collection Xbox one,N/A,https://www.voxgaming.fr/catalog/xbox-one/halo-the-master-chief-collection-13623.php,1,VoxGaming,N/A,N/A,N/A,N/A
Call of Duty : Black Ops 3Edition Juggernog,N/A,Call of Duty : Black Ops 3Edition Juggernog Xbox one,N/A,https://www.voxgaming.fr/catalog/xbox-one/call-of-duty-black-ops-3-edition-juggernog-13794.php,1,VoxGaming,N/A,N/A,N/A,N/A
The Witcher 3 : Wild HuntEdition Collector,N/A,The Witcher 3 : Wild HuntEdition Collector Xbox one,N/A,https://www.voxgaming.fr/catalog/xbox-one/the-witcher-3-wild-hunt-edition-collector-13631.php,1,VoxGaming,N/A,N/A,N/A,N/A
Rock Band 4 + Guitare Sans Fil + Batterie + Micro,N/A,Rock Band 4 + Guitare Sans Fil + Batterie + Micro Xbox one,N/A,https://www.voxgaming.fr/catalog/xbox-one/rock-band-4-guitare-sans-fil-batterie-micro--13799.php,1,VoxGaming,N/A,N/A,N/A,N/A
Mortal Kombat 11Ultimate Edition Colllector,N/A,Mortal Kombat 11Ultimate Edition Colllector Xbox one,N/A,https://www.voxgaming.fr/catalog/xbox-one/mortal-kombat-11-ultimate-edition-colllector-13697.php,1,VoxGaming,N/A,N/A,N/A,N/A
Borderlands: The Handsome CollectionClapTrap Edition,N/A,Borderlands: The Handsome CollectionClapTrap Edition Xbox one,N/A,https://www.voxgaming.fr/catalog/xbox-one/borderlands-the-handsome-collection-claptrap-edition-13562.php,1,VoxGaming,N/A,N/A,N/A,N/A
Ace Combat 7 : Skies UnknownEdition Collector,N/A,Ace Combat 7 : Skies UnknownEdition Collector Xbox one,N/A,https://www.voxgaming.fr/catalog/xbox-one/ace-combat-7-skies-unknown-edition-collector-12996.php,1,VoxGaming,N/A,N/A,N/A,N/A
Mortal Kombat 11Kollector's Edition,N/A,Mortal Kombat 11Kollector's Edition Xbox one,N/A,https://www.voxgaming.fr/catalog/xbox-one/mortal-kombat-11-kollector-s-edition-12696.php,1,VoxGaming,N/A,N/A,N/A,N/A
Cyberpunk 2077Edition Collector,N/A,Cyberpunk 2077Edition Collector Xbox one,N/A,https://www.voxgaming.fr/catalog/xbox-one/cyberpunk-2077-edition-collector-12950.php,1,VoxGaming,N/A,N/A,N/A,N/A
Sekiro : Shadows Die TwiceEdition Collector,N/A,Sekiro : Shadows Die TwiceEdition Collector Xbox one,N/A,https://www.voxgaming.fr/catalog/xbox-one/sekiro-shadows-die-twice-edition-collector-13733.php,1,VoxGaming,N/A,N/A,N/A,N/A
Destroy All Humans! Crypto-137,N/A,Destroy All Humans! Crypto-137 Xbox one,N/A,https://www.voxgaming.fr/catalog/xbox-one/destroy-all-humans-crypto-137-12883.php,1,VoxGaming,N/A,N/A,N/A,N/A
Resident Evil 2Edition Collector,N/A,Resident Evil 2Edition Collector Xbox one,N/A,https://www.voxgaming.fr/catalog/xbox-one/resident-evil-2-edition-collector-13735.php,1,VoxGaming,N/A,N/A,N/A,N/A
Red Dead Redemption 2Coffret Collector,N/A,Red Dead Redemption 2Coffret Collector Xbox one,N/A,https://www.voxgaming.fr/catalog/xbox-one/red-dead-redemption-2-coffret-collector-30872.php,1,VoxGaming,N/A,N/A,N/A,N/A
Bang² Busters 2 – OST Edition – Dreamcast [PAL],"54,90 €",Dreamcast,https://www.pixelheart.eu/wp-content/uploads/2026/02/Box-Bang-Bang-Busters-2-Dreamcast-PAL-300x300.jpg,https://www.pixelheart.eu/en/produit/bang%c2%b2-busters-2-ost-edition-dreamcast-pal/,1,PixelHeart,N/A,N/A,N/A,Précommande
Bang² Busters 2 Dreamcast [US],"39,90 €",Dreamcast,https://www.pixelheart.eu/wp-content/uploads/2026/02/Box-Bang-Bang-Busters-2-Dreamcast-US-300x300.jpg,https://www.pixelheart.eu/en/produit/bang%c2%b2-busters-2-dreamcast-us/,1,PixelHeart,N/A,N/A,N/A,Précommande
Bang² Busters 2 Dreamcast [JPN],"39,90 €",Dreamcast,https://www.pixelheart.eu/wp-content/uploads/2026/02/Box-Bang-Bang-Busters-2-Dreamcast-JPN-300x300.jpg,https://www.pixelheart.eu/en/produit/bang%c2%b2-busters-2-dreamcast-jpn/,1,PixelHeart,N/A,N/A,N/A,Précommande
Bang² Busters 2 Neo Geo AES [JPN],"379,90 €",Neo Geo,https://www.pixelheart.eu/wp-content/uploads/2026/02/Box-Bang-Bang-Busters-2-NeoGeo-AES-JPN-300x300.jpg,https://www.pixelheart.eu/en/produit/bang%c2%b2-busters-2-neo-geo-aes-jpn/,1,PixelHeart,N/A,N/A,N/A,Précommande
Bang² Busters 2 Neo Geo MVS [JPN],"299,90 €",N/A,https://www.pixelheart.eu/wp-content/uploads/2026/02/Cartridge-Bang-Bang-Busters-2-JPN-MVS-300x300.jpg,https://www.pixelheart.eu/en/produit/bang%c2%b2-busters-2-neo-geo-mvs-jpn/,1,PixelHeart,N/A,N/A,N/A,Précommande
Bang² Busters 2 Neo Geo AES [US],"379,90 €",Neo Geo,https://www.pixelheart.eu/wp-content/uploads/2026/02/Box-Bang-Bang-Busters-2-NeoGeo-AES-US-300x300.jpg,https://www.pixelheart.eu/en/produit/bang%c2%b2-busters-2-neo-geo-aes-us/,1,PixelHeart,N/A,N/A,N/A,Précommande
Forza Horizon 6,38.40 €,"PC, PS5, Xbox Series X",https://cdn.dlcompare.com/game_catalog/upload/gameimage/file/forza-horizon-6-file-ec867fe5.jpg.webp,https://www.dlcompare.fr/jeux/100036656/acheter-forza-horizon-6,1,DLCompare,N/A,N/A,18/05/2026,Précommande
Marvel Tokon Fighting Souls,45.80 €,"PC, PS5",https://cdn.dlcompare.com/game_catalog/upload/gameimage/file/marvel-tokon-fighting-souls-file-21614044.jpg.webp,https://www.dlcompare.fr/jeux/100035554/acheter-marvel-tokon-fighting-souls,1,DLCompare,N/A,N/A,06/08/2026,Précommande
Assassin's Creed Black Flag Resynced,42.29 €,"PC, PS5, Xbox Series X",https://cdn.dlcompare.com/game_catalog/upload/gameimage/file/assassin-s-creed-black-flag-resy-9679187a-file-96791866.jpg.webp,https://www.dlcompare.fr/jeux/100038122/acheter-assassin-s-creed-black-flag-resynced-steam-key,1,DLCompare,N/A,N/A,09/07/2026,Précommande
Echoes of Aincrad,48.59 €,"PC, PS5, Xbox Series X",https://cdn.dlcompare.com/game_catalog/upload/gameimage/file/echoes-of-aincrad-pool-file-b744b54e.jpg.webp,https://www.dlcompare.fr/jeux/100037769/acheter-echoes-of-aincrad-steam-key,1,DLCompare,N/A,N/A,09/07/2026,Précommande
007 First Light,44.96 €,"PC, PS5, Xbox Series X, Switch 2",https://cdn.dlcompare.com/game_catalog/upload/gameimage/file/007-first-light-pool-file-f8daedbc.jpg.webp,https://www.dlcompare.fr/jeux/100035553/acheter-007-first-light-steam-key,1,DLCompare,N/A,N/A,27/05/2026,Précommande
LEGO Batman Legacy of the Dark Knight,41.28 €,"PC, PS5, Xbox Series X, Switch 2",https://cdn.dlcompare.com/game_catalog/upload/gameimage/file/lego-batman-legacy-of-the-dark-k-876cebad-file-876ceba4.jpg.webp,https://www.dlcompare.fr/jeux/100036254/acheter-lego-batman-legacy-of-the-dark-knight-steam-key,1,DLCompare,N/A,N/A,22/05/2026,Précommande
STAR WARS Galactic Racer,35.99 €,"PC, PS5, Xbox Series X",https://cdn.dlcompare.com/game_catalog/upload/gameimage/file/star-wars-galactic-racer-pool-file-fb9e67c7.jpg.webp,https://www.dlcompare.fr/jeux/100037294/acheter-star-wars-galactic-racer-steam-key,1,DLCompare,N/A,N/A,06/10/2026,Précommande
Trails in the Sky 2nd Chapter,31.13 €,"PC, PS5, Switch, Switch 2",https://cdn.dlcompare.com/game_catalog/upload/gameimage/file/trails-in-the-sky-2nd-chapter-po-92e83105-file-92e83074.jpg.webp,https://www.dlcompare.fr/jeux/100037345/acheter-trails-in-the-sky-2-nd-chapter-steam-key,1,DLCompare,N/A,N/A,17/09/2026,Précommande
The Blood of Dawnwalker,48.83 €,"PC, PS5, Xbox Series X",https://cdn.dlcompare.com/game_catalog/upload/gameimage/file/the-blood-of-dawnwalker-file-0a257c36.jpg.webp,https://www.dlcompare.fr/jeux/100034369/acheter-the-blood-of-dawnwalker,1,DLCompare,N/A,N/A,02/09/2026,Précommande
METAL GEAR SOLID MASTER COLLECTION Vol.2,30.56 €,"PC, PS5, Switch, Xbox Series X, Switch 2",https://cdn.dlcompare.com/game_catalog/upload/gameimage/file/metal-gear-solid-master-collecti-5e1c540e-file-5e1c5401.jpg.webp,https://www.dlcompare.fr/jeux/100037629/acheter-metal-gear-solid-master-collection-vol-2-steam-key,1,DLCompare,N/A,N/A,27/08/2026,Précommande
Beast of Reincarnation,54.99 €,"PC, PS5, Xbox Series X",https://cdn.dlcompare.com/game_catalog/upload/gameimage/file/beast-of-reincarnation-pool-file-46b8dd74.jpg.webp,https://www.dlcompare.fr/jeux/100035633/acheter-beast-of-reincarnation-steam-key,1,DLCompare,N/A,N/A,03/08/2026,Précommande
PAW Patrol Dino World,39.99 €,"PS5, PS4, Switch, XboxOne, Xbox Series X",https://cdn.dlcompare.com/game_catalog/upload/gameimage/file/paw-patrol-dino-world-pool-file-ba980e09.jpg.webp,https://www.dlcompare.fr/jeux/100038150/acheter-paw-patrol-dino-world-steam-key,1,DLCompare,N/A,N/A,31/07/2026,Précommande
DEAD OR ALIVE 6 Last Round,27.89 €,"PC, PS5, Xbox Series X",https://cdn.dlcompare.com/game_catalog/upload/gameimage/file/dead-or-alive-6-last-round-pool-file-09801cab.jpg.webp,https://www.dlcompare.fr/jeux/100038188/acheter-dead-or-alive-6-last-round-steam-key,1,DLCompare,N/A,N/A,24/06/2026,Précommande
The Adventures of Elliot The Millennium Tales,54.99 €,"PC, PS5, Xbox Series X, Switch 2",https://cdn.dlcompare.com/game_catalog/upload/gameimage/file/the-adventures-of-elliot-the-mil-1f0a6500-file-1f0a64eb.jpg.webp,https://www.dlcompare.fr/jeux/100037590/acheter-the-adventures-of-elliot-the-millennium-tales-steam-key,1,DLCompare,N/A,N/A,18/06/2026,Précommande
R Type Tactics I • II Cosmos,49.58 €,"PC, PS5, PS4, Switch, Xbox Series X",https://cdn.dlcompare.com/game_catalog/upload/gameimage/file/r-type-tactics-i-ii-cosmos-pool-file-ae9cabf2.jpg.webp,https://www.dlcompare.fr/jeux/100034951/acheter-r-type-tactics-i-ii-cosmos-steam-key,1,DLCompare,N/A,N/A,18/06/2026,Précommande
COPA CITY,88.99 €,"PC, PS5, PS4, XboxOne, Xbox Series X",https://cdn.dlcompare.com/game_catalog/upload/gameimage/file/copa-city-pool-file-826d93af.jpg.webp,https://www.dlcompare.fr/jeux/100031623/acheter-copa-city-steam-key,1,DLCompare,N/A,N/A,16/06/2026,Précommande
Gothic 1 Remake,27.58 €,"PC, PS5, Xbox Series X",https://cdn.dlcompare.com/game_catalog/upload/gameimage/file/22fb-gothic_remake.jpeg.webp,https://www.dlcompare.fr/jeux/100011473/acheter-gothic-remake,1,DLCompare,N/A,N/A,05/06/2026,Précommande
The Relic First Guardian,49.99 €,"PC, PS5, Xbox Series X",https://cdn.dlcompare.com/game_catalog/upload/gameimage/file/the-relic-first-guardian-pool-file-ab23f2e9.jpg.webp,https://www.dlcompare.fr/jeux/100031580/acheter-the-relic-first-guardian-steam-key,1,DLCompare,N/A,N/A,26/05/2026,Précommande
Bubsy 4D,17.99 €,"PC, PS5, PS4, Switch, XboxOne, Xbox Series X, Switch 2",https://cdn.dlcompare.com/game_catalog/upload/gameimage/file/bubsy-4d-pool-file-98917242.jpg.webp,https://www.dlcompare.fr/jeux/100036246/acheter-bubsy-4-d-steam-key,1,DLCompare,N/A,N/A,22/05/2026,Précommande
King of Tokyo Richard Garfield,39.66 €,"PC, PS5, Switch, Xbox Series X",https://cdn.dlcompare.com/game_catalog/upload/gameimage/file/king-of-tokyo-richard-garfield-p-997a7989-file-997a7970.jpg.webp,https://www.dlcompare.fr/jeux/100037400/acheter-king-of-tokyo-richard-garfield-steam-key,1,DLCompare,N/A,N/A,21/05/2026,Précommande
STARBITES,24.94 €,"PC, PS5, Switch, Xbox Series X, Switch 2",https://cdn.dlcompare.com/game_catalog/upload/gameimage/file/the-starbites-taste-of-desert-po-3e798315-file-3e798304.jpg.webp,https://www.dlcompare.fr/jeux/100033127/acheter-the-starbites-taste-of-desert-steam-key,1,DLCompare,N/A,N/A,21/05/2026,Précommande
Forza Horizon 6 Premium upgrade,39.89 €,"PC, Xbox Series X",https://cdn.dlcompare.com/game_catalog/upload/gameimage/file/forza-horizon-6-premium-upgrade-file-e26006d2.png.webp,https://www.dlcompare.fr/jeux/100038079/acheter-forza-horizon-6-premium-upgrade,1,DLCompare,N/A,N/A,18/05/2026,Précommande
R Type Dimensions III,39.66 €,"PC, PS5, Switch, Switch 2",https://cdn.dlcompare.com/game_catalog/upload/gameimage/file/r-type-dimensions-iii-pool-file-dc0912fc.jpg.webp,https://www.dlcompare.fr/jeux/100037399/acheter-r-type-dimensions-iii-steam-key,1,DLCompare,N/A,N/A,18/05/2026,Précommande
Directive 8020,28.76 €,"PC, PS5, Xbox Series X",https://cdn.dlcompare.com/game_catalog/upload/gameimage/file/directive-8020-pool-file-6830ca30.jpg.webp,https://www.dlcompare.fr/jeux/100032527/acheter-directive-8020-steam-key,1,DLCompare,N/A,N/A,12/05/2026,Précommande
Outbound,30.59 €,"PC, PS5, Switch, XboxOne, Xbox Series X, Switch 2",https://cdn.dlcompare.com/game_catalog/upload/gameimage/file/outbound-pool-file-d51c123b.jpg.webp,https://www.dlcompare.fr/jeux/100035705/acheter-outbound-steam-key,1,DLCompare,N/A,N/A,11/05/2026,Précommande
Truxton Extreme,34.70 €,"PS5, Xbox Series X, Switch 2",https://cdn.dlcompare.com/game_catalog/upload/gameimage/file/truxton-extreme-pool-file-55e02d88.jpg.webp,https://www.dlcompare.fr/jeux/100038131/acheter-truxton-extreme-steam-key,1,DLCompare,N/A,N/A,30/07/2026,Précommande
Culdcept BEGINS,49.58 €,"PC, Switch 2",https://cdn.dlcompare.com/game_catalog/upload/gameimage/file/culdcept-begins-pool-file-2896e7e0.jpg.webp,https://www.dlcompare.fr/jeux/100037913/acheter-culdcept-begins-steam-key,1,DLCompare,N/A,N/A,16/07/2026,Précommande
The Witch's Bakery,34.70 €,"PS5, Switch, Switch 2",https://cdn.dlcompare.com/game_catalog/upload/gameimage/file/the-witch-s-bakery-pool-file-d08212a3.jpg.webp,https://www.dlcompare.fr/jeux/100037519/acheter-the-witch-s-bakery-steam-key,1,DLCompare,N/A,N/A,30/06/2026,Précommande
Frostpunk 2 Breach of Trust,12.99 €,PC,https://cdn.dlcompare.com/game_catalog/upload/gameimage/file/frostpunk-2-breach-of-trust-pool-file-b7fe4131.jpg.webp,https://www.dlcompare.fr/jeux/100037991/acheter-frostpunk-2-breach-of-trust-steam-key,1,DLCompare,N/A,N/A,23/06/2026,Précommande
Monopoly Star Wars Heroes vs. Villains,24.99 €,"PC, PS5, Switch, Switch 2",https://cdn.dlcompare.com/game_catalog/upload/gameimage/file/monopoly-star-wars-heroes-vs-vil-d15c1ffa-file-d15c1fe7.jpg.webp,https://www.dlcompare.fr/jeux/100038193/acheter-monopoly-star-wars-heroes-vs-villains-steam-key,1,DLCompare,N/A,N/A,11/06/2026,Précommande
Nickelodeon Extreme Tennis Next!,29.99 €,"PS5, Switch, Xbox Series X",https://cdn.dlcompare.com/game_catalog/upload/gameimage/file/nickelodeon-extreme-tennis-next-640c881c-file-640c880f.jpg.webp,https://www.dlcompare.fr/jeux/100038011/acheter-nickelodeon-extreme-tennis-next-steam-key,1,DLCompare,N/A,N/A,27/05/2026,Précommande
Paralives,88.99 €,PC,https://cdn.dlcompare.com/game_catalog/upload/gameimage/file/80373.jpg.webp,https://www.dlcompare.fr/jeux/100012657/acheter-paralives-steam-key,1,DLCompare,N/A,N/A,25/05/2026,Précommande
FZ Formation Z,44.61 €,"PC, PS5, Switch 2",https://cdn.dlcompare.com/game_catalog/upload/gameimage/file/fz-formation-z-pool-file-13be6922.jpg.webp,https://www.dlcompare.fr/jeux/100037786/acheter-fz-formation-z-steam-key,1,DLCompare,N/A,N/A,21/05/2026,Précommande
Yoshi and the Mysterious Book,54.99 €,Switch 2,https://cdn.dlcompare.com/game_catalog/upload/gameimage/file/yoshi-and-the-mysterious-book-file-872d3214.jpg.webp,https://www.dlcompare.fr/jeux/100036549/acheter-yoshi-and-the-mysterious-book,1,DLCompare,N/A,N/A,21/05/2026,Précommande
Psyvariar 3,29.99 €,"PC, PS5",https://cdn.dlcompare.com/game_catalog/upload/gameimage/file/psyvariar-3-pool-file-abdd62a5.jpg.webp,https://www.dlcompare.fr/jeux/100037398/acheter-psyvariar-3-steam-key,1,DLCompare,N/A,N/A,20/05/2026,Précommande
Dark Dominion,12.59 €,PC,https://cdn.dlcompare.com/game_catalog/upload/gameimage/file/dark-dominion-pool-file-d7372fc2.jpg.webp,https://www.dlcompare.fr/jeux/100037410/acheter-dark-dominion-steam-key,1,DLCompare,N/A,N/A,13/05/2026,Précommande
Surviving in the Woods,Gratuit,HTML5/Web,https://img.gamemonetize.com/cxedvwbfyy7xj96rdt8o0thto5yftgz5/512x384.jpg,https://www.gameinpocket.com/detail/Surviving_in_the_Woods.html,1,GameInPocket,N/A,N/A,N/A,Disponible
Granny Horror Village,Gratuit,HTML5/Web,https://img.gamemonetize.com/nbdcv5mk3jh3b3cmlbbb3e4gn2mxmt19/512x384.jpg,https://www.gameinpocket.com/detail/Granny_Horror_Village.html,1,GameInPocket,N/A,N/A,N/A,Disponible
Space Roll,Gratuit,HTML5/Web,https://img.gamemonetize.com/ff8i72ewvdh7ixkr7l9wdl5leby7nt93/512x384.jpg,https://www.gameinpocket.com/detail/Space_Roll.html,1,GameInPocket,N/A,N/A,N/A,Disponible
Airplane Flying Simulator,Gratuit,HTML5/Web,https://img.gamemonetize.com/ibqn6tq9kf90iuv6nuye1u659qoia8ht/512x384.jpg,https://www.gameinpocket.com/detail/Airplane_Flying_Simulator.html,1,GameInPocket,N/A,N/A,N/A,Disponible
Evil Granny: Horror Village,Gratuit,HTML5/Web,https://img.gamemonetize.com/24u1p0gfjitbtrirbv7gf7b9sspbmv0p/512x384.jpg,https://www.gameinpocket.com/detail/Evil_Granny:_Horror_Village.html,1,GameInPocket,N/A,N/A,N/A,Disponible
Scary Granny: Basement Escape,Gratuit,HTML5/Web,https://img.gamemonetize.com/1u15k2letj4ujuxcd69vircg21lzw41x/512x384.jpg,https://www.gameinpocket.com/detail/Scary_Granny:_Basement_Escape.html,1,GameInPocket,N/A,N/A,N/A,Disponible
Classic Car Parking 3D,Gratuit,HTML5/Web,https://img.gamemonetize.com/qsvjioepkv9tnzzxoqfyeqm7mek59h80/512x384.jpg,https://www.gameinpocket.com/detail/Classic_Car_Parking_3D.html,1,GameInPocket,N/A,N/A,N/A,Disponible
Airplane Parking Mania 3D,Gratuit,HTML5/Web,https://img.gamemonetize.com/yocodudqrhhe2bzpbx8xrsbrpe0yyefx/512x384.jpg,https://www.gameinpocket.com/detail/Airplane_Parking_Mania_3D.html,1,GameInPocket,N/A,N/A,N/A,Disponible
Impossible Truck Stunt Parking,Gratuit,HTML5/Web,https://img.gamemonetize.com/i2ql9vbsbrs90mx0jkgbi47379faa51t/512x384.jpg,https://www.gameinpocket.com/detail/Impossible_Truck_Stunt_Parking.html,1,GameInPocket,N/A,N/A,N/A,Disponible
Muscle Car Robot,Gratuit,HTML5/Web,https://img.gamemonetize.com/6osy0r4ywmipv5jzfl0dinzdo1tnmgls/512x384.jpg,https://www.gameinpocket.com/detail/Muscle_Car_Robot.html,1,GameInPocket,N/A,N/A,N/A,Disponible
Extreme Winter Oil Tanker Truck Drive,Gratuit,HTML5/Web,https://img.gamemonetize.com/041nwu5qlcb4ci33miuzq6cs0l4vjsjj/512x384.jpg,https://www.gameinpocket.com/detail/Extreme_Winter_Oil_Tanker_Truck_Drive.html,1,GameInPocket,N/A,N/A,N/A,Disponible
Maze And Tourist,Gratuit,HTML5/Web,https://img.gamemonetize.com/09471h94b3nukipa9saullb8wc7a8uv8/512x384.jpg,https://www.gameinpocket.com/detail/Maze_And_Tourist.html,1,GameInPocket,N/A,N/A,N/A,Disponible
Skydiving Iron,Gratuit,HTML5/Web,https://img.gamemonetize.com/0x3e3t047p54zeig3eutyba517vmol9p/512x384.jpg,https://www.gameinpocket.com/detail/Skydiving_Iron.html,1,GameInPocket,N/A,N/A,N/A,Disponible
American Touchdown Game,Gratuit,HTML5/Web,https://img.gamemonetize.com/6airkt6chnb0xbgtpjlr9dqhsdahwjz3/512x384.jpg,https://www.gameinpocket.com/detail/American_Touchdown_Game.html,1,GameInPocket,N/A,N/A,N/A,Disponible
Ben10 Jumping Challenge,Gratuit,HTML5/Web,https://img.gamemonetize.com/0zi1b4fgv4h27h1yspn1dshbz8d12wu3/512x384.jpg,https://www.gameinpocket.com/detail/Ben10_Jumping_Challenge.html,1,GameInPocket,N/A,N/A,N/A,Disponible
FZ Knife Up,Gratuit,HTML5/Web,https://img.gamemonetize.com/98iakbmidtuk7nbo0k2uq0ud4pxia5rk/512x384.jpg,https://www.gameinpocket.com/detail/FZ_Knife_Up.html,1,GameInPocket,N/A,N/A,N/A,Disponible
Pokemon Pikachu,Gratuit,HTML5/Web,https://img.gamemonetize.com/2mk9rfg0v8uvbdbczmg9ke4nn3e4h29j/512x384.jpg,https://www.gameinpocket.com/detail/Pokemon_Pikachu.html,1,GameInPocket,N/A,N/A,N/A,Disponible
Live Aqua Hero Adventure,Gratuit,HTML5/Web,https://img.gamemonetize.com/h4vk54e5e3gry0xaodwzpockrbiek7u2/512x384.jpg,https://www.gameinpocket.com/detail/Live_Aqua_Hero_Adventure.html,1,GameInPocket,N/A,N/A,N/A,Disponible
Flying Superhero Revenge Grand City Captain,Gratuit,HTML5/Web,https://img.gamemonetize.com/b6mr3helmunffzeiomq7qz9qxybzdyzo/512x384.jpg,https://www.gameinpocket.com/detail/Flying_Superhero_Revenge_Grand_City_Captain.html,1,GameInPocket,N/A,N/A,N/A,Disponible
Miami City Crime Simulator City Mafia War,Gratuit,HTML5/Web,https://img.gamemonetize.com/6ycz03wcg6ng39hyw4t8zmhw5cyt4otb/512x384.jpg,https://www.gameinpocket.com/detail/Miami_City_Crime_Simulator_City_Mafia_War.html,1,GameInPocket,N/A,N/A,N/A,Disponible
Alien Way,Gratuit,HTML5/Web,https://img.gamemonetize.com/brogkr1qsvl9614uo52xncdhvamgpvd0/512x384.jpg,https://www.gameinpocket.com/detail/Alien_Way.html,1,GameInPocket,N/A,N/A,N/A,Disponible
Rope Hero,Gratuit,HTML5/Web,https://img.gamemonetize.com/rzcrz15szqew7nks0p0c1dsknvwjzp9q/512x384.jpg,https://www.gameinpocket.com/detail/Rope_Hero.html,1,GameInPocket,N/A,N/A,N/A,Disponible
King Of The Hill,Gratuit,HTML5/Web,https://img.gamemonetize.com/w0r18bm1lphbv030c0ogn2ykpdiduvur/512x384.jpg,https://www.gameinpocket.com/detail/King_Of_The_Hill.html,1,GameInPocket,N/A,N/A,N/A,Disponible
Kiko Adventure,Gratuit,HTML5/Web,https://img.gamemonetize.com/je6fcm2a5rfdv8wectle5e5j6ekh0eqk/512x384.jpg,https://www.gameinpocket.com/detail/Kiko_Adventure.html,1,GameInPocket,N/A,N/A,N/A,Disponible
Waterpark.io,Gratuit,HTML5/Web,https://img.gamemonetize.com/2kfsm145vayydl23ldlbrdc7y22fv08y/512x384.jpg,https://www.gameinpocket.com/detail/Waterpark.io.html,1,GameInPocket,N/A,N/A,N/A,Disponible
Spider Robot Warrior Web Robot Spider,Gratuit,HTML5/Web,https://img.gamemonetize.com/iz2dkzm8jpldf7zn8c6avb70c2yzv8ke/512x384.jpg,https://www.gameinpocket.com/detail/Spider_Robot_Warrior_Web_Robot_Spider.html,1,GameInPocket,N/A,N/A,N/A,Disponible
Flappy Talking Tom,Gratuit,HTML5/Web,https://img.gamemonetize.com/fdqes0v8cszbsepgq0wqoqh6eqhgpkk4/512x384.jpg,https://www.gameinpocket.com/detail/Flappy_Talking_Tom.html,1,GameInPocket,N/A,N/A,N/A,Disponible
Bombers.IO,Gratuit,HTML5/Web,https://img.gamemonetize.com/rpt737bxi94s2bd6yguit1kihd2clm6c/512x384.jpg,https://www.gameinpocket.com/detail/Bombers.IO.html,1,GameInPocket,N/A,N/A,N/A,Disponible
Extreme Ball Balance 3D,Gratuit,HTML5/Web,https://img.gamemonetize.com/rx3vmy0662zdatefaownzws2eohmskfk/512x384.jpg,https://www.gameinpocket.com/detail/Extreme_Ball_Balance_3D.html,1,GameInPocket,N/A,N/A,N/A,Disponible
Dragon City Destroyer,Gratuit,HTML5/Web,https://img.gamemonetize.com/5k2viak2g7b1rgvqgjp6xsjxbcsz48ra/512x384.jpg,https://www.gameinpocket.com/detail/Dragon_City_Destroyer.html,1,GameInPocket,N/A,N/A,N/A,Disponible
Slide io,Gratuit,HTML5/Web,https://img.gamemonetize.com/lhg9y1jlf5uuptgt5tqw8g8tvokwha73/512x384.jpg,https://www.gameinpocket.com/detail/Slide_io.html,1,GameInPocket,N/A,N/A,N/A,Disponible
Racing Beast Puzzle,Gratuit,HTML5/Web,https://img.gamemonetize.com/w6h85z2dskafoj74v8z1aepfww5ffq2c/512x384.jpg,https://www.gameinpocket.com/detail/Racing_Beast_Puzzle.html,1,GameInPocket,N/A,N/A,N/A,Disponible
Basketball Tournament 3D,Gratuit,HTML5/Web,https://img.gamemonetize.com/eyl4eee9dleu3foav9j1lqj4xv4k4czj/512x384.jpg,https://www.gameinpocket.com/detail/Basketball_Tournament_3D.html,1,GameInPocket,N/A,N/A,N/A,Disponible
City Bus Offroad Driving Sim,Gratuit,HTML5/Web,https://img.gamemonetize.com/grzekekzjdpmtsnief2c64a4l3gl93zq/512x384.jpg,https://www.gameinpocket.com/detail/City_Bus_Offroad_Driving_Sim.html,1,GameInPocket,N/A,N/A,N/A,Disponible
Kisan Smart Farmer,Gratuit,HTML5/Web,https://img.gamemonetize.com/jkpvl9yxqmv68tdnbeptxm691kbjgwbz/512x384.jpg,https://www.gameinpocket.com/detail/Kisan_Smart_Farmer.html,1,GameInPocket,N/A,N/A,N/A,Disponible
Realistic Street Fight Apocalypse,Gratuit,HTML5/Web,https://img.gamemonetize.com/joqioj2ba18mfrewk8sp3xvszd8zxn4h/512x384.jpg,https://www.gameinpocket.com/detail/Realistic_Street_Fight_Apocalypse.html,1,GameInPocket,N/A,N/A,N/A,Disponible
Cartoon Retro Car Parking 2019,Gratuit,HTML5/Web,https://img.gamemonetize.com/c5fmp8jcp8wa3c6rvxre6tgnqncstmk5/512x384.jpg,https://www.gameinpocket.com/detail/Cartoon_Retro_Car_Parking_2019.html,1,GameInPocket,N/A,N/A,N/A,Disponible
Marble Rolling Stunt,Gratuit,HTML5/Web,https://img.gamemonetize.com/6qb2coa9wh5nkyvqb594za70how0wfb2/512x384.jpg,https://www.gameinpocket.com/detail/Marble_Rolling_Stunt.html,1,GameInPocket,N/A,N/A,N/A,Disponible
Motor Bike Pizza Delivery 2020,Gratuit,HTML5/Web,https://img.gamemonetize.com/p8zsnghay6d6eo2bj7ow6tev1amm1kkr/512x384.jpg,https://www.gameinpocket.com/detail/Motor_Bike_Pizza_Delivery_2020.html,1,GameInPocket,N/A,N/A,N/A,Disponible
Prisonier Transport Simulator 2019,Gratuit,HTML5/Web,https://img.gamemonetize.com/em8o0o5nf6675mqkgif7dm4w296l102f/512x384.jpg,https://www.gameinpocket.com/detail/Prisonier_Transport_Simulator_2019.html,1,GameInPocket,N/A,N/A,N/A,Disponible
Overloaded Transport Bus Passagers,Gratuit,HTML5/Web,https://img.gamemonetize.com/5ppwpjx6e1mutt4nbvos4bdqux3ygzim/512x384.jpg,https://www.gameinpocket.com/detail/Overloaded_Transport_Bus_Passagers.html,1,GameInPocket,N/A,N/A,N/A,Disponible
Ace Air Fighter,Gratuit,HTML5/Web,https://img.gamemonetize.com/bwepeimvy9pdiehthjtuan0m7h1usio4/512x384.jpg,https://www.gameinpocket.com/detail/Ace_Air_Fighter.html,1,GameInPocket,N/A,N/A,N/A,Disponible
Space Combat,Gratuit,HTML5/Web,https://img.gamemonetize.com/tsjni3sh3yui3kyullaqezaw5qn572x0/512x384.jpg,https://www.gameinpocket.com/detail/Space_Combat.html,1,GameInPocket,N/A,N/A,N/A,Disponible
Bus Subway,Gratuit,HTML5/Web,https://img.gamemonetize.com/s3ibsukeywox4nvof45ckpk087631kfu/512x384.jpg,https://www.gameinpocket.com/detail/Bus_Subway.html,1,GameInPocket,N/A,N/A,N/A,Disponible
Clash Blade IO,Gratuit,HTML5/Web,https://img.gamemonetize.com/pg8l1zut8pv47cjqeudrdo7q5mcde184/512x384.jpg,https://www.gameinpocket.com/detail/Clash_Blade_IO.html,1,GameInPocket,N/A,N/A,N/A,Disponible
Snow War .io,Gratuit,HTML5/Web,https://img.gamemonetize.com/1xi00mabdkhp0rxalrnpjclonywa2no4/512x384.jpg,https://www.gameinpocket.com/detail/Snow_War_.io.html,1,GameInPocket,N/A,N/A,N/A,Disponible
Crown Run Western Zombies,Gratuit,HTML5/Web,https://img.gamemonetize.com/dlcluod5bhfj5k1odg3l9ezg6olrht4u/512x384.jpg,https://www.gameinpocket.com/detail/Crown_Run_Western_Zombies.html,1,GameInPocket,N/A,N/A,N/A,Disponible
Mission To Mars,Gratuit,HTML5/Web,https://img.gamemonetize.com/m791ho61o9lxleq73gqxhuh8vs9v1dzo/512x384.jpg,https://www.gameinpocket.com/detail/Mission_To_Mars.html,1,GameInPocket,N/A,N/A,N/A,Disponible
Train Simulator 3D,Gratuit,HTML5/Web,https://img.gamemonetize.com/ajbxndmn9grs6h5ct1wzmyytym92l7uw/512x384.jpg,https://www.gameinpocket.com/detail/Train_Simulator_3D.html,1,GameInPocket,N/A,N/A,N/A,Disponible
Momo Horror Story,Gratuit,HTML5/Web,https://img.gamemonetize.com/5fv1qjs4y57ltbk9q74zpteyeq3p6mob/512x384.jpg,https://www.gameinpocket.com/detail/Momo_Horror_Story.html,1,GameInPocket,N/A,N/A,N/A,Disponible
Torture the Trollface,Gratuit,HTML5/Web,https://img.gamemonetize.com/oaja4x2n601capzpfvqx6ubvhlkgbl5z/512x384.jpg,https://www.gameinpocket.com/detail/Torture_the_Trollface.html,1,GameInPocket,N/A,N/A,N/A,Disponible
Superhero Tower,Gratuit,HTML5/Web,https://img.gamemonetize.com/b7764pvzaofcjckp8mfszc9338hq7qlj/512x384.jpg,https://www.gameinpocket.com/detail/Superhero_Tower.html,1,GameInPocket,N/A,N/A,N/A,Disponible
Police Simulator Transport 2019,Gratuit,HTML5/Web,https://img.gamemonetize.com/14cw4l8r5nkyqc22iphtlcfdvmboxjcz/512x384.jpg,https://www.gameinpocket.com/detail/Police_Simulator_Transport_2019.html,1,GameInPocket,N/A,N/A,N/A,Disponible
WorldCraft: 3D Build & Craft,Gratuit,HTML5/Web,https://img.gamemonetize.com/uzoh1tpbufb67uia8pjwzr028wl0drv7/512x384.jpg,https://www.gameinpocket.com/detail/WorldCraft:_3D_Build_&_Craft.html,1,GameInPocket,N/A,N/A,N/A,Disponible
Fishing Sim,Gratuit,HTML5/Web,https://img.gamemonetize.com/ermkhnoto46oor8cng3zbo3losk43osh/512x384.jpg,https://www.gameinpocket.com/detail/Fishing_Sim.html,1,GameInPocket,N/A,N/A,N/A,Disponible
Real Estate Sim,Gratuit,HTML5/Web,https://img.gamemonetize.com/v5umwqp6aa7u04itarijhuibb72iiyhd/512x384.jpg,https://www.gameinpocket.com/detail/Real_Estate_Sim.html,1,GameInPocket,N/A,N/A,N/A,Disponible
Gold Miner Jack,Gratuit,HTML5/Web,https://img.gamemonetize.com/v6cdutjcdxh525bpn3xmdauguub66z02/512x384.jpg,https://www.gameinpocket.com/detail/Gold_Miner_Jack.html,1,GameInPocket,N/A,N/A,N/A,Disponible
Cool Snakes,Gratuit,HTML5/Web,https://img.gamemonetize.com/8o8zz5cnvpg4pzo3sjrhmhs9jf2hhjwq/512x384.jpg,https://www.gameinpocket.com/detail/Cool_Snakes.html,1,GameInPocket,N/A,N/A,N/A,Disponible
Bump.io,Gratuit,HTML5/Web,https://img.gamemonetize.com/6ei41d81g4bj7alkgvudj88fvws7y5n4/512x384.jpg,https://www.gameinpocket.com/detail/Bump.io.html,1,GameInPocket,N/A,N/A,N/A,Disponible
Winter Dash,Gratuit,HTML5/Web,https://img.gamemonetize.com/4oouuhdnkfvcfxvhzm99gy8gcbysoh9s/512x384.jpg,https://www.gameinpocket.com/detail/Winter_Dash.html,1,GameInPocket,N/A,N/A,N/A,Disponible
Wrestle Online,Gratuit,HTML5/Web,https://img.gamemonetize.com/dqa5wkouob7ff5gqs387s3ua4lnjdkiq/512x384.jpg,https://www.gameinpocket.com/detail/Wrestle_Online.html,1,GameInPocket,N/A,N/A,N/A,Disponible
Plane War,Gratuit,HTML5/Web,https://img.gamemonetize.com/zuazkevnmauph5unldhlys4rmlsjycny/512x384.jpg,https://www.gameinpocket.com/detail/Plane_War.html,1,GameInPocket,N/A,N/A,N/A,Disponible
Army Block Squad,Gratuit,HTML5/Web,https://img.gamemonetize.com/tfz0d4ha3mr1sjjdyd45opke5xbny2cs/512x384.jpg,https://www.gameinpocket.com/detail/Army_Block_Squad.html,1,GameInPocket,N/A,N/A,N/A,Disponible
Christmas Runner,Gratuit,HTML5/Web,https://img.gamemonetize.com/tl244iawoaicujc4d1kemldy688ubyv5/512x384.jpg,https://www.gameinpocket.com/detail/Christmas_Runner.html,1,GameInPocket,N/A,N/A,N/A,Disponible
Poligon War Zombie Apocalypse,Gratuit,HTML5/Web,https://img.gamemonetize.com/2jk4g7jf6ivcu6ceblomsjbf6jdalrdo/512x384.jpg,https://www.gameinpocket.com/detail/Poligon_War_Zombie_Apocalypse.html,1,GameInPocket,N/A,N/A,N/A,Disponible
Xtrem Demolition Derby Racing,Gratuit,HTML5/Web,https://img.gamemonetize.com/j28un08ca751dh8qdbg2li7551clevgy/512x384.jpg,https://www.gameinpocket.com/detail/Xtrem_Demolition_Derby_Racing.html,1,GameInPocket,N/A,N/A,N/A,Disponible
Xtreme Offroad Jeep 2019,Gratuit,HTML5/Web,https://img.gamemonetize.com/3n7mfxcnijp1dhejgjziyfzyscuzc4hf/512x384.jpg,https://www.gameinpocket.com/detail/Xtreme_Offroad_Jeep_2019.html,1,GameInPocket,N/A,N/A,N/A,Disponible
Uber Sim Transport 2020,Gratuit,HTML5/Web,https://img.gamemonetize.com/h3ofnn7tl3y44qzcsoguj2wrlhrugzuy/512x384.jpg,https://www.gameinpocket.com/detail/Uber_Sim_Transport_2020.html,1,GameInPocket,N/A,N/A,N/A,Disponible
Euro Truck Sim Heavy Transport,Gratuit,HTML5/Web,https://img.gamemonetize.com/dut7eyahb4p7b4to255qla1fhv5on9k0/512x384.jpg,https://www.gameinpocket.com/detail/Euro_Truck_Sim_Heavy_Transport.html,1,GameInPocket,N/A,N/A,N/A,Disponible
Indian Truck Driver Cargo Duty Delivery,Gratuit,HTML5/Web,https://img.gamemonetize.com/omse6u86ahsdeeovimf0anddwetdsl5g/512x384.jpg,https://www.gameinpocket.com/detail/Indian_Truck_Driver_Cargo_Duty_Delivery.html,1,GameInPocket,N/A,N/A,N/A,Disponible
gulper.io,Gratuit,HTML5/Web,https://img.gamemonetize.com/zzoj6ylxx9fs4g0c66ewr2k2fq6glj0l/512x384.jpg,https://www.gameinpocket.com/detail/gulper.io.html,1,GameInPocket,N/A,N/A,N/A,Disponible
Handless Millionaire,Gratuit,HTML5/Web,https://img.gamemonetize.com/24wi4hebf7qnequyyuexy7zp40ol3mr6/512x384.jpg,https://www.gameinpocket.com/detail/Handless_Millionaire_.html,1,GameInPocket,N/A,N/A,N/A,Disponible
Space Rush,Gratuit,HTML5/Web,https://img.gamemonetize.com/izatnen114pzjrovc8sw9kxjlbxa52jo/512x384.jpg,https://www.gameinpocket.com/detail/Space_Rush.html,1,GameInPocket,N/A,N/A,N/A,Disponible
Monster Truck Offroad Driving Mountain,Gratuit,HTML5/Web,https://img.gamemonetize.com/la3obsgemewfqg2q1tzljzeqgz6lxbyj/512x384.jpg,https://www.gameinpocket.com/detail/Monster_Truck_Offroad_Driving_Mountain.html,1,GameInPocket,N/A,N/A,N/A,Disponible
Never Stop,Gratuit,HTML5/Web,https://img.gamemonetize.com/kh0sxe2g47cpex6rb4x9090becov2j1n/512x384.jpg,https://www.gameinpocket.com/detail/Never_Stop.html,1,GameInPocket,N/A,N/A,N/A,Disponible
Creepy Evil Granny,Gratuit,HTML5/Web,https://img.gamemonetize.com/ip27z4w67hpuq5903wy4villnz6mzawi/512x384.jpg,https://www.gameinpocket.com/detail/Creepy_Evil_Granny.html,1,GameInPocket,N/A,N/A,N/A,Disponible
Builder,Gratuit,HTML5/Web,https://img.gamemonetize.com/gsg38n0s827titauwitrffx2d1oovrqc/512x384.jpg,https://www.gameinpocket.com/detail/Builder.html,1,GameInPocket,N/A,N/A,N/A,Disponible
Top Shooter io,Gratuit,HTML5/Web,https://img.gamemonetize.com/ossh8waabf113d9h48xer2d6pesyygvn/512x384.jpg,https://www.gameinpocket.com/detail/Top_Shooter_io.html,1,GameInPocket,N/A,N/A,N/A,Disponible
8 Ball Billiard Pool,Gratuit,HTML5/Web,https://img.gamemonetize.com/gpnwhnckx0s5pw682roamx7hpytfkjd1/512x384.jpg,https://www.gameinpocket.com/detail/8_Ball_Billiard_Pool.html,1,GameInPocket,N/A,N/A,N/A,Disponible
Boom Room,Gratuit,HTML5/Web,https://img.gamemonetize.com/ngvcmtozuc4ain2fhs53fkkyr4he5rws/512x384.jpg,https://www.gameinpocket.com/detail/Boom_Room.html,1,GameInPocket,N/A,N/A,N/A,Disponible
Classics Car Stunts 2020,Gratuit,HTML5/Web,https://img.gamemonetize.com/lz61i582ohdusdeppq4zd20nhrukpozb/512x384.jpg,https://www.gameinpocket.com/detail/Classics_Car_Stunts_2020.html,1,GameInPocket,N/A,N/A,N/A,Disponible
Ninja Escape 2,Gratuit,HTML5/Web,https://img.gamemonetize.com/32kflxdv7tqmso62vqkr1godc9u096ad/512x384.jpg,https://www.gameinpocket.com/detail/Ninja_Escape_2.html,1,GameInPocket,N/A,N/A,N/A,Disponible
Stickman Street Fighter 3D,Gratuit,HTML5/Web,https://img.gamemonetize.com/r5tug67vf8lprllpnawokwa3p0xddr45/512x384.jpg,https://www.gameinpocket.com/detail/Stickman_Street_Fighter_3D.html,1,GameInPocket,N/A,N/A,N/A,Disponible
The Lost Planet TD V2.0,Gratuit,HTML5/Web,https://img.gamemonetize.com/9vga2yy46yg20fp7iz0wbxv5qliks6r1/512x384.jpg,https://www.gameinpocket.com/detail/The_Lost_Planet_TD_V2.0.html,1,GameInPocket,N/A,N/A,N/A,Disponible
Pixel Jet Fighter,Gratuit,HTML5/Web,https://img.gamemonetize.com/p46zdkb2tta99gppca4hrj4w030kxcqn/512x384.jpg,https://www.gameinpocket.com/detail/Pixel_Jet_Fighter.html,1,GameInPocket,N/A,N/A,N/A,Disponible
Prison Survive Break Escape,Gratuit,HTML5/Web,https://img.gamemonetize.com/e2ool94yqbi2s6l4w3neebk209cdht1v/512x384.jpg,https://www.gameinpocket.com/detail/Prison_Survive_Break_Escape.html,1,GameInPocket,N/A,N/A,N/A,Disponible
Traffic Control,Gratuit,HTML5/Web,https://img.gamemonetize.com/66zs8cwaqfvycg8irebi96b7ldwgd39j/512x384.jpg,https://www.gameinpocket.com/detail/Traffic_Control.html,1,GameInPocket,N/A,N/A,N/A,Disponible
Offroad 4x4 Heavy Drive,Gratuit,HTML5/Web,https://img.gamemonetize.com/xik6uwywc5or6tl8ty3uxsu5wksa4mm1/512x384.jpg,https://www.gameinpocket.com/detail/Offroad_4x4_Heavy_Drive.html,1,GameInPocket,N/A,N/A,N/A,Disponible
Best blocky Combat Arena 2020,Gratuit,HTML5/Web,https://img.gamemonetize.com/arm8wph005lkq3gf30nbtqtyoqdpsxx2/512x384.jpg,https://www.gameinpocket.com/detail/Best_blocky_Combat_Arena_2020.html,1,GameInPocket,N/A,N/A,N/A,Disponible
Classic Jeep Sim Parking 2020,Gratuit,HTML5/Web,https://img.gamemonetize.com/l11h0tff83gmrb9utiqmoh2z7251w3ui/512x384.jpg,https://www.gameinpocket.com/detail/Classic_Jeep_Sim_Parking_2020.html,1,GameInPocket,N/A,N/A,N/A,Disponible
Viking Brawl,Gratuit,HTML5/Web,https://img.gamemonetize.com/zbprc3b7tkgek0ca5ww0u26ybgudsfls/512x384.jpg,https://www.gameinpocket.com/detail/Viking_Brawl.html,1,GameInPocket,N/A,N/A,N/A,Disponible
Gelandewagen Simulator,Gratuit,HTML5/Web,https://img.gamemonetize.com/zxs6n1gzgb0wriv6q3u8njy8cstaywiy/512x384.jpg,https://www.gameinpocket.com/detail/Gelandewagen_Simulator.html,1,GameInPocket,N/A,N/A,N/A,Disponible
Counter Battle Strike SWAT Multiplayer,Gratuit,HTML5/Web,https://img.gamemonetize.com/zswnfqatmfauwkaglzwn2l75q0z0u9kt/512x384.jpg,https://www.gameinpocket.com/detail/Counter_Battle_Strike_SWAT_Multiplayer.html,1,GameInPocket,N/A,N/A,N/A,Disponible
Power Wall,Gratuit,HTML5/Web,https://img.gamemonetize.com/9o22clsohug09vp5dor5amhao3rr2p4b/512x384.jpg,https://www.gameinpocket.com/detail/Power_Wall.html,1,GameInPocket,N/A,N/A,N/A,Disponible
Spider Fly Heros,Gratuit,HTML5/Web,https://img.gamemonetize.com/ff7wm42c8l3xryafcxqlfkog0zovhq5x/512x384.jpg,https://www.gameinpocket.com/detail/Spider_Fly_Heros.html,1,GameInPocket,N/A,N/A,N/A,Disponible
Car Engine Sound,Gratuit,HTML5/Web,https://img.gamemonetize.com/j791xqfupc9nxvuhi6uf1wzqfml4eiby/512x384.jpg,https://www.gameinpocket.com/detail/Car_Engine_Sound.html,1,GameInPocket,N/A,N/A,N/A,Disponible
Balloon Defense,Gratuit,HTML5/Web,https://img.gamemonetize.com/xsl2kbcdu5fhtzxlrjxnai4hmzl1g8ed/512x384.jpg,https://www.gameinpocket.com/detail/Balloon_Defense.html,1,GameInPocket,N/A,N/A,N/A,Disponible
Uphill Truck,Gratuit,HTML5/Web,https://img.gamemonetize.com/guic9e1g9ke547bt54hrfk6fkfq13gpk/512x384.jpg,https://www.gameinpocket.com/detail/Uphill_Truck.html,1,GameInPocket,N/A,N/A,N/A,Disponible
Tank Simulator,Gratuit,HTML5/Web,https://img.gamemonetize.com/qjg57ej9z4cfihd6b17uaak785hoxzon/512x384.jpg,https://www.gameinpocket.com/detail/Tank_Simulator.html,1,GameInPocket,N/A,N/A,N/A,Disponible
