titre,prix,plateforme
Marvel's Avengers,7.50€,Marvel's Avengers                          Xbox one
Minecraft,13.00€,Minecraft                          Xbox one
Transformers : Rise of the Dark Spark,10.00€,Transformers : Rise of the Dark Spark                          Xbox one
Call of Duty : Black Ops 3Edition Hardened,10.00€,Call of Duty : Black Ops 3Edition Hardened   Xbox one
Watch Dogs,2.00€,Watch Dogs                          Xbox one
Vampyr,5.00€,Vampyr                          Xbox one
Tom Clancy's The Division 2,3.00€,Tom Clancy's The Division 2                          Xbox one
Halo 5 : Guardians,5.90€,Halo 5 : Guardians                          Xbox one
Resident Evil : Revelations 2,16.00€,Resident Evil : Revelations 2                          Xbox one
Just Cause 4 Edition Renegat,10.00€,Just Cause 4 Edition Renegat                          Xbox one
Bleeding Edge,3.50€,Bleeding Edge                          Xbox one
Tom Clancy's Rainbow Six Siege,3.00€,Tom Clancy's Rainbow Six Siege                          Xbox one
Shadow Of The Tomb RaiderEdition Steelbook,,Shadow Of The Tomb RaiderEdition Steelbook    Xbox one
Wreckfest,,Wreckfest                          Xbox one
Cyberpunk 2077Edition Day One,,Cyberpunk 2077Edition Day One   Xbox one
Killer Instinct Combo Breaker Pack,,Killer Instinct Combo Breaker Pack                          Xbox one
Ryse : Son of RomeEdition Day One,,Ryse : Son of RomeEdition Day One   Xbox one
Gears of WarUltimate Edition,,Gears of WarUltimate Edition   Xbox one
Streets of Rage 4,,Streets of Rage 4                          Xbox one
Resident Evil 2 Remake,,Resident Evil 2 Remake                          Xbox one
Kingdom Come : Deliverance,,Kingdom Come : Deliverance                          Xbox one
Red Dead Redemption 2,,Red Dead Redemption 2                          Xbox one
Grand Theft Auto V  GTA 5,,Grand Theft Auto V  GTA 5   Xbox one
Halo : The Master Chief Collection,,Halo : The Master Chief Collection                          Xbox one
Call of Duty : Black Ops 3Edition Juggernog,N/A,Call of Duty : Black Ops 3Edition Juggernog   Xbox one
The Witcher 3 : Wild HuntEdition Collector,N/A,The Witcher 3 : Wild HuntEdition Collector   Xbox one
Rock Band 4 + Guitare Sans Fil + Batterie + Micro,N/A,Rock Band 4 + Guitare Sans Fil + Batterie + Micro                               Xbox one
Mortal Kombat 11Ultimate Edition Colllector,N/A,Mortal Kombat 11Ultimate Edition Colllector   Xbox one
Borderlands: The Handsome CollectionClapTrap Edition,N/A,Borderlands: The Handsome CollectionClapTrap Edition   Xbox one
Ace Combat 7 : Skies UnknownEdition Collector,N/A,Ace Combat 7 : Skies UnknownEdition Collector   Xbox one
Mortal Kombat 11Kollector's Edition,N/A,Mortal Kombat 11Kollector's Edition   Xbox one
Cyberpunk 2077Edition Collector,N/A,Cyberpunk 2077Edition Collector   Xbox one
Sekiro : Shadows Die TwiceEdition Collector,N/A,Sekiro : Shadows Die TwiceEdition Collector   Xbox one
Destroy All Humans! Crypto-137,N/A,Destroy All Humans! Crypto-137                              Xbox one
Resident Evil 2Edition Collector,N/A,Resident Evil 2Edition Collector   Xbox one
Red Dead Redemption 2Coffret Collector,N/A,Red Dead Redemption 2Coffret Collector   Xbox one
